id,first_name,last_name,email,gender,ip_address
1,Jarvis,Tawse,jtawse0@ifeng.com,Male,58.185.58.224
2,Benjamin,Howse,bhowse1@ucoz.ru,Male,120.141.248.178
3,Christophe,Fenne,cfenne2@independent.co.uk,Male,70.172.122.86
4,Risa,Jorn,rjorn3@qq.com,Female,217.177.189.175
5,Retha,Powley,rpowley4@google.co.uk,Female,57.66.175.116
6,Kennedy,Nottle,knottle5@chron.com,Male,153.246.41.7
7,Garrard,Eldredge,geldredge6@gizmodo.com,Male,254.174.36.170
8,Nigel,Winfred,nwinfred7@hud.gov,Male,105.62.174.237
9,Almeta,Jochens,ajochens8@earthlink.net,Female,175.175.245.211
10,Bevvy,Birtwistle,bbirtwistle9@homestead.com,Female,254.166.233.124
11,Melloney,McCaig,mmccaiga@comcast.net,Female,159.205.230.146
12,Marylou,Kurth,mkurthb@yale.edu,Female,62.16.200.163
13,Dean,Pietruszewicz,dpietruszewiczc@yahoo.co.jp,Male,126.163.179.58
14,Aldis,Pitherick,apitherickd@bbb.org,Male,179.105.144.203
15,Ronica,Brewood,rbrewoode@answers.com,Female,17.217.95.217
16,Davide,Bateson,dbatesonf@4shared.com,Male,150.167.48.83
17,Charo,Shenley,cshenleyg@rambler.ru,Female,49.208.183.137
18,Helsa,Roon,hroonh@blogspot.com,Female,80.152.142.222
19,Datha,Matussow,dmatussowi@blogtalkradio.com,Female,59.203.57.87
20,Cristina,Kivelle,ckivellej@shop-pro.jp,Female,228.1.51.220
21,Yuma,Satford,ysatfordk@seesaa.net,Male,104.58.110.70
22,Cari,Waterfall,cwaterfalll@tripadvisor.com,Female,193.143.140.50
23,Sascha,Mulder,smulderm@pcworld.com,Male,110.201.1.126
24,Poppy,Kinmond,pkinmondn@mysql.com,Female,82.151.208.231
25,Jannelle,Partlett,jpartletto@nps.gov,Female,216.217.165.25
26,Darrelle,Hallitt,dhallittp@google.es,Female,185.127.181.74
27,Kelbee,Saffrin,ksaffrinq@usnews.com,Male,136.108.110.237
28,Johnathon,OHowbane,johowbaner@blinklist.com,Male,121.216.54.230
29,Kerwinn,Arunowicz,karunowiczs@icq.com,Male,145.152.32.108
30,Sheri,Jikovsky,sjikovskyt@newyorker.com,Female,49.97.98.52
31,Abra,Dukelow,adukelowu@senate.gov,Female,128.67.135.13
32,Wenona,Sooley,wsooleyv@huffingtonpost.com,Female,165.147.171.131
33,Hyatt,Stienton,hstientonw@cbslocal.com,Male,20.93.135.198
34,Randie,Prydie,rprydiex@webmd.com,Male,107.235.2.104
35,Janek,Scotfurth,jscotfurthy@ehow.com,Male,180.47.123.90
36,Ulises,Eickhoff,ueickhoffz@cbsnews.com,Male,126.153.248.134
37,Raina,Baber,rbaber10@upenn.edu,Female,134.141.20.64
38,Chadwick,Cownden,ccownden11@imgur.com,Male,208.168.126.168
39,Raven,Chaffey,rchaffey12@boston.com,Female,75.106.152.91
40,Allin,de Clerc,adeclerc13@oakley.com,Male,15.114.27.142
41,Gertrudis,Niess,gniess14@vk.com,Female,67.121.229.135
42,Anabal,Symmers,asymmers15@blogtalkradio.com,Female,14.126.155.97
43,Babara,Zorzoni,bzorzoni16@google.co.jp,Female,242.84.23.235
44,Abbot,Spencley,aspencley17@tripadvisor.com,Male,249.36.5.230
45,Petronille,Grinval,pgrinval18@ehow.com,Female,2.65.174.130
46,Aurore,Methringham,amethringham19@chron.com,Female,100.35.142.117
47,Adrian,Gundry,agundry1a@utexas.edu,Female,199.180.111.34
48,Lindie,Soigne,lsoigne1b@ed.gov,Female,16.243.247.247
49,Gypsy,Crutch,gcrutch1c@fda.gov,Female,22.194.175.55
50,Laura,Martinet,lmartinet1d@utexas.edu,Female,168.50.185.90
51,Conn,Humerstone,chumerstone1e@oakley.com,Male,15.230.232.81
52,Rex,Martschik,rmartschik1f@hud.gov,Male,131.66.50.13
53,Nickolaus,McAneny,nmcaneny1g@state.tx.us,Male,82.14.104.205
54,Gav,McGrowther,gmcgrowther1h@tiny.cc,Male,108.249.19.121
55,Idaline,Cluckie,icluckie1i@smh.com.au,Female,91.71.129.230
56,Donnajean,Sunley,dsunley1j@thetimes.co.uk,Female,143.241.212.158
57,Cyrille,Bellenger,cbellenger1k@spotify.com,Male,87.176.202.143
58,Martainn,Cakebread,mcakebread1l@about.com,Male,30.180.34.248
59,Friedrick,Jonsson,fjonsson1m@craigslist.org,Male,74.12.202.151
60,Griffith,Bonnier,gbonnier1n@springer.com,Male,83.200.75.221
61,Veda,Swinford,vswinford1o@noaa.gov,Female,68.226.189.220
62,Berte,Pougher,bpougher1p@technorati.com,Female,78.240.210.160
63,Etan,Sapp,esapp1q@blog.com,Male,182.183.194.42
64,Sully,Barneveld,sbarneveld1r@unblog.fr,Male,75.239.129.148
65,Paolo,Larenson,plarenson1s@wix.com,Male,53.121.170.145
66,Aloysius,Jacquot,ajacquot1t@merriam-webster.com,Male,211.71.252.136
67,Mallorie,Phinnis,mphinnis1u@utexas.edu,Female,193.100.17.161
68,Celestina,Troke,ctroke1v@opera.com,Female,12.224.113.233
69,Papagena,Toleman,ptoleman1w@bigcartel.com,Female,104.194.191.19
70,Tomi,Oylett,toylett1x@wikipedia.org,Female,213.118.44.7
71,Tyler,Hatcliffe,thatcliffe1y@seattletimes.com,Male,211.199.134.72
72,Ardyth,Radnedge,aradnedge1z@dropbox.com,Female,45.108.120.224
73,Melodie,Staning,mstaning20@gmpg.org,Female,111.79.146.123
74,Wallis,Depport,wdepport21@alibaba.com,Female,171.172.192.254
75,Nerita,Castana,ncastana22@wired.com,Female,254.114.31.116
76,Brand,Halsho,bhalsho23@hexun.com,Male,65.30.234.243
77,Peder,Tammadge,ptammadge24@ca.gov,Male,160.228.208.133
78,Flss,Brenstuhl,fbrenstuhl25@epa.gov,Female,30.6.163.19
79,Carney,Dayer,cdayer26@upenn.edu,Male,137.193.140.185
80,Celestia,Teodorski,cteodorski27@zimbio.com,Female,94.127.54.173
81,Nadya,Robertz,nrobertz28@mit.edu,Female,241.190.29.147
82,Sayres,Bingell,sbingell29@noaa.gov,Male,69.189.169.51
83,Mortie,Josebury,mjosebury2a@sourceforge.net,Male,161.20.80.72
84,Desiree,Connochie,dconnochie2b@qq.com,Female,189.65.60.218
85,Bernadine,Hannay,bhannay2c@delicious.com,Female,233.40.28.183
86,Berkley,Pagram,bpagram2d@webs.com,Male,131.252.49.63
87,Halie,Dudill,hdudill2e@google.de,Female,39.63.72.39
88,Griswold,Lawlance,glawlance2f@cbsnews.com,Male,219.163.33.80
89,Yolanthe,Garnson,ygarnson2g@aol.com,Female,165.8.182.153
90,Tana,Hamflett,thamflett2h@tinyurl.com,Female,153.191.242.42
91,Misti,Brealey,mbrealey2i@wikispaces.com,Female,197.251.7.94
92,Michale,Byneth,mbyneth2j@mozilla.org,Male,1.36.101.125
93,Raphaela,May,rmay2k@webs.com,Female,2.3.50.95
94,Quintus,Derrett,qderrett2l@nationalgeographic.com,Male,140.59.122.27
95,Kellby,Pilipets,kpilipets2m@xrea.com,Male,129.165.99.38
96,Brock,Blackaller,bblackaller2n@hp.com,Male,9.165.122.122
97,Tisha,Sinyard,tsinyard2o@reddit.com,Female,158.246.181.86
98,Shurlock,Roelofsen,sroelofsen2p@thetimes.co.uk,Male,72.243.232.140
99,Neddie,Smitherham,nsmitherham2q@accuweather.com,Male,59.101.169.7
100,Robby,Humpherston,rhumpherston2r@vkontakte.ru,Female,33.234.115.78
101,Had,Skeat,hskeat2s@marketwatch.com,Male,131.17.169.88
102,Dyann,Penylton,dpenylton2t@scribd.com,Female,46.227.140.109
103,Boniface,Palffy,bpalffy2u@liveinternet.ru,Male,195.27.123.0
104,Marketa,Rove,mrove2v@ow.ly,Female,157.112.253.42
105,Gauthier,Partlett,gpartlett2w@cbslocal.com,Male,54.244.60.79
106,Hershel,Beevors,hbeevors2x@wikia.com,Male,180.10.145.172
107,Sibyl,Mutimer,smutimer2y@theatlantic.com,Male,150.228.236.234
108,Gradey,Conyers,gconyers2z@gov.uk,Male,12.74.207.61
109,Goran,Skirvane,gskirvane30@xing.com,Male,75.59.150.52
110,Leia,Marriner,lmarriner31@tinyurl.com,Female,23.4.71.181
111,Megen,Stitch,mstitch32@photobucket.com,Female,132.125.105.26
112,Ilka,Nottingham,inottingham33@hao123.com,Female,145.69.245.56
113,Reagen,Dunford,rdunford34@msu.edu,Male,206.12.109.44
114,Grant,Westover,gwestover35@unesco.org,Male,41.155.208.182
115,Hunter,Shera,hshera36@yale.edu,Male,87.20.87.125
116,Helenka,Brady,hbrady37@xrea.com,Female,3.29.147.217
117,Reuven,Pirdy,rpirdy38@ftc.gov,Male,204.233.70.241
118,Hermann,Hryniewicki,hhryniewicki39@theguardian.com,Male,130.206.192.5
119,Beret,Denton,bdenton3a@cyberchimps.com,Female,171.141.208.116
120,Darda,Sainthill,dsainthill3b@php.net,Female,119.246.148.248
121,Natty,Aitken,naitken3c@nhs.uk,Female,200.143.44.243
122,Eudora,Forcade,eforcade3d@accuweather.com,Female,48.77.132.121
123,Dorotea,Hellings,dhellings3e@cnet.com,Female,236.23.2.248
124,Hamel,Gibbetts,hgibbetts3f@paypal.com,Male,128.186.35.243
125,Durward,Culligan,dculligan3g@typepad.com,Male,6.192.178.79
126,Ailbert,Bollum,abollum3h@xing.com,Male,109.106.187.239
127,Philis,Dugget,pdugget3i@qq.com,Female,212.121.156.24
128,Tracee,Dericot,tdericot3j@java.com,Female,244.154.177.106
129,Merl,Strettell,mstrettell3k@bizjournals.com,Female,225.78.8.143
130,Faulkner,Saur,fsaur3l@prweb.com,Male,0.188.17.135
131,Mayne,Hastings,mhastings3m@shinystat.com,Male,154.140.125.190
132,Hazel,Redihalgh,hredihalgh3n@uiuc.edu,Female,110.199.240.71
133,Judas,Fishleigh,jfishleigh3o@redcross.org,Male,86.209.119.149
134,Lenard,Scholfield,lscholfield3p@virginia.edu,Male,9.125.245.11
135,Giacobo,Stanier,gstanier3q@youku.com,Male,177.4.244.67
136,Seamus,OSpillane,sospillane3r@miibeian.gov.cn,Male,223.56.37.226
137,Dionne,Smithin,dsmithin3s@goo.ne.jp,Female,63.43.42.168
138,Giusto,Cassie,gcassie3t@yelp.com,Male,35.75.235.115
139,Eugine,Shervil,eshervil3u@soundcloud.com,Female,220.170.210.150
140,Brandyn,Orable,borable3v@mediafire.com,Male,217.100.108.206
141,Lorenza,Cometto,lcometto3w@mlb.com,Female,200.209.204.97
142,Jillie,Yellep,jyellep3x@nydailynews.com,Female,115.114.139.118
143,Carlin,Spreckley,cspreckley3y@liveinternet.ru,Female,93.214.153.151
144,Boniface,Heynel,bheynel3z@wisc.edu,Male,255.161.22.46
145,Merill,Ruffell,mruffell40@yahoo.co.jp,Male,46.176.91.197
146,Kendal,Gaucher,kgaucher41@dedecms.com,Male,81.175.3.150
147,Karel,Burdett,kburdett42@domainmarket.com,Male,125.26.28.96
148,Halimeda,Looney,hlooney43@ibm.com,Female,107.24.172.155
149,Chloe,Greally,cgreally44@cafepress.com,Female,58.42.63.2
150,Marcile,Kleuer,mkleuer45@zdnet.com,Female,77.121.102.159
151,Sephira,Randle,srandle46@wisc.edu,Female,254.153.45.240
152,Free,Skepper,fskepper47@dyndns.org,Male,121.142.200.138
153,Keenan,Dunbleton,kdunbleton48@1688.com,Male,243.188.8.185
154,Vera,Batteson,vbatteson49@reuters.com,Female,227.16.195.143
155,Wat,Valentin,wvalentin4a@loc.gov,Male,220.111.197.208
156,Fanni,Cansfield,fcansfield4b@yellowpages.com,Female,29.159.100.16
157,Delphinia,Haville,dhaville4c@un.org,Female,234.80.76.227
158,Dory,Hrynczyk,dhrynczyk4d@google.de,Male,141.188.156.50
159,Cristina,Bonhomme,cbonhomme4e@dagondesign.com,Female,214.2.102.7
160,Doris,Pulsford,dpulsford4f@reverbnation.com,Female,176.216.184.49
161,Bondy,Wynn,bwynn4g@cloudflare.com,Male,169.162.66.87
162,Darn,Stegell,dstegell4h@earthlink.net,Male,132.163.178.37
163,Antonia,Thorowgood,athorowgood4i@independent.co.uk,Female,225.177.209.126
164,Reine,Westmerland,rwestmerland4j@geocities.jp,Female,135.222.64.237
165,Benedicta,Frossell,bfrossell4k@deviantart.com,Female,123.97.178.243
166,Hendrika,Acey,hacey4l@cbc.ca,Female,209.12.19.240
167,Corey,OBrien,cobrien4m@msn.com,Female,227.116.122.232
168,Dyana,Veschi,dveschi4n@newyorker.com,Female,185.228.230.97
169,Gris,Robbey,grobbey4o@wikipedia.org,Male,219.220.135.151
170,Kristian,Kubas,kkubas4p@themeforest.net,Male,177.32.17.48
171,Devon,Burnapp,dburnapp4q@bbb.org,Female,11.168.202.14
172,Fan,Fairham,ffairham4r@netscape.com,Female,126.247.229.169
173,Carlie,Stove,cstove4s@indiegogo.com,Female,154.70.158.30
174,Dolley,Murrells,dmurrells4t@go.com,Female,75.93.237.114
175,Pinchas,Oakeshott,poakeshott4u@livejournal.com,Male,185.98.126.91
176,Hillary,Marjanovic,hmarjanovic4v@npr.org,Female,231.99.82.188
177,Jorey,Blainey,jblainey4w@gov.uk,Female,133.158.26.251
178,Patton,Witherow,pwitherow4x@google.co.jp,Male,170.221.231.81
179,Eduard,Colvin,ecolvin4y@wikispaces.com,Male,149.17.122.159
180,Fayre,Challiner,fchalliner4z@archive.org,Female,16.51.211.40
181,Gratia,Ugolini,gugolini50@vinaora.com,Female,51.179.175.74
182,Rorke,Chalder,rchalder51@deviantart.com,Male,164.150.9.107
183,Beltran,Mitford,bmitford52@google.it,Male,152.195.200.106
184,Darnell,Drysdell,ddrysdell53@eepurl.com,Male,145.86.92.56
185,Zebulon,Torrecilla,ztorrecilla54@symantec.com,Male,188.234.197.1
186,Jamison,Akeherst,jakeherst55@redcross.org,Male,84.16.240.50
187,Edita,Hyndley,ehyndley56@yolasite.com,Female,87.82.181.114
188,Hilarius,Hurler,hhurler57@opera.com,Male,68.189.202.187
189,Virginie,Teasdale-Markie,vteasdalemarkie58@usnews.com,Female,143.217.225.15
190,Addy,Teligin,ateligin59@cisco.com,Female,235.70.125.31
191,Svend,Viger,sviger5a@163.com,Male,161.193.120.51
192,Gay,Bosward,gbosward5b@icio.us,Male,214.220.61.119
193,Kenna,Fishbourn,kfishbourn5c@weibo.com,Female,110.237.183.217
194,Elmer,Hryniewicz,ehryniewicz5d@ebay.co.uk,Male,114.93.100.4
195,Marsh,Hebbs,mhebbs5e@adobe.com,Male,246.100.165.178
196,Tripp,Darkins,tdarkins5f@irs.gov,Male,221.98.190.113
197,Khalil,Baudino,kbaudino5g@nba.com,Male,251.114.200.227
198,Hillary,Waszczykowski,hwaszczykowski5h@wiley.com,Male,167.231.138.30
199,Major,Maciaszek,mmaciaszek5i@shareasale.com,Male,45.55.137.36
200,Zondra,Domb,zdomb5j@china.com.cn,Female,89.238.249.78
201,Nikkie,Cornfield,ncornfield5k@vimeo.com,Female,207.220.29.196
202,Lesly,Trodd,ltrodd5l@aol.com,Female,234.180.23.70
203,Elladine,Towler,etowler5m@sina.com.cn,Female,194.236.5.197
204,Salomon,Flemming,sflemming5n@kickstarter.com,Male,26.179.100.217
205,Janel,Tytherton,jtytherton5o@smh.com.au,Female,86.131.81.211
206,Javier,Hinkley,jhinkley5p@wired.com,Male,131.15.195.115
207,Fanni,Berrane,fberrane5q@google.nl,Female,214.92.173.184
208,Hildy,Cominetti,hcominetti5r@ebay.co.uk,Female,21.184.165.172
209,Lura,Delicate,ldelicate5s@harvard.edu,Female,54.46.82.131
210,Halsy,Kuzma,hkuzma5t@bbc.co.uk,Male,172.96.85.8
211,Banky,Arnal,barnal5u@addthis.com,Male,25.195.141.122
212,Fairlie,Grealish,fgrealish5v@illinois.edu,Male,172.0.202.83
213,Chevy,Hockell,chockell5w@squidoo.com,Male,41.30.175.21
214,Arthur,Eastbrook,aeastbrook5x@go.com,Male,100.231.110.251
215,Vassili,Denholm,vdenholm5y@gnu.org,Male,56.87.120.208
216,Kent,Thomassin,kthomassin5z@oakley.com,Male,191.10.6.109
217,Edgard,Bestar,ebestar60@tripod.com,Male,3.140.58.19
218,Perri,Williment,pwilliment61@wikispaces.com,Female,173.217.204.160
219,Odessa,Fittall,ofittall62@ezinearticles.com,Female,219.45.84.72
220,Karel,Girogetti,kgirogetti63@mlb.com,Female,173.119.3.245
221,Gerianne,Dungey,gdungey64@cam.ac.uk,Female,84.225.166.28
222,Byron,Bayldon,bbayldon65@comsenz.com,Male,201.170.180.229
223,Galina,Privost,gprivost66@reverbnation.com,Female,67.65.19.180
224,Joanna,Upcraft,jupcraft67@simplemachines.org,Female,239.78.228.168
225,Rosamund,Berry,rberry68@phoca.cz,Female,199.205.22.183
226,Minne,Morat,mmorat69@barnesandnoble.com,Female,76.116.149.72
227,Toby,Pechell,tpechell6a@cocolog-nifty.com,Female,17.7.98.188
228,Justinian,Fentem,jfentem6b@quantcast.com,Male,34.144.62.13
229,Demetri,Stirrup,dstirrup6c@nih.gov,Male,186.138.212.121
230,Ebenezer,Harold,eharold6d@sakura.ne.jp,Male,139.37.2.184
231,Marget,Hewins,mhewins6e@earthlink.net,Female,171.204.75.156
232,Kermy,Bettis,kbettis6f@canalblog.com,Male,74.116.126.131
233,Vassily,Rattrie,vrattrie6g@washingtonpost.com,Male,62.197.237.91
234,Byran,Bacop,bbacop6h@cnbc.com,Male,7.35.241.167
235,Alexa,Randles,arandles6i@1688.com,Female,201.85.121.232
236,Arabela,Sagg,asagg6j@tripadvisor.com,Female,144.150.105.238
237,Tobit,Meekins,tmeekins6k@unblog.fr,Male,43.0.49.161
238,Hermon,Thamelt,hthamelt6l@cnet.com,Male,231.32.240.160
239,Alberik,Michurin,amichurin6m@chronoengine.com,Male,129.151.159.246
240,Sander,MacKellar,smackellar6n@netscape.com,Male,81.86.207.134
241,Aldrich,Lidgley,alidgley6o@hatena.ne.jp,Male,0.28.93.135
242,Garnet,Trank,gtrank6p@sbwire.com,Female,215.143.69.58
243,Barn,Haffner,bhaffner6q@npr.org,Male,247.100.247.38
244,Sofia,Stoffels,sstoffels6r@bloglines.com,Female,227.61.61.129
245,Beckie,Peers,bpeers6s@scientificamerican.com,Female,255.58.13.203
246,Karlyn,Ludlom,kludlom6t@over-blog.com,Female,154.149.20.88
247,Shepard,Fullard,sfullard6u@spotify.com,Male,74.13.172.211
248,Tabb,Brugman,tbrugman6v@netscape.com,Male,53.183.143.193
249,Rahel,Blas,rblas6w@google.nl,Female,38.156.39.165
250,Jerri,Malim,jmalim6x@yelp.com,Male,44.15.43.7
251,Chariot,Louw,clouw6y@examiner.com,Male,55.143.49.43
252,Erik,Queenborough,equeenborough6z@cloudflare.com,Male,47.37.106.13
253,Shannah,Willmont,swillmont70@amazon.de,Female,195.40.232.109
254,Zena,Willoughey,zwilloughey71@gov.uk,Female,6.28.242.61
255,Catie,Klosges,cklosges72@rambler.ru,Female,109.81.44.115
256,Fidela,Costelow,fcostelow73@ocn.ne.jp,Female,144.67.138.211
257,Norma,Tonbye,ntonbye74@t.co,Female,252.93.134.105
258,Forester,Puleston,fpuleston75@51.la,Male,249.54.20.18
259,Goldie,Raiman,graiman76@fda.gov,Female,110.186.87.132
260,Trent,Mapp,tmapp77@nymag.com,Male,115.69.153.244
261,Warren,MacGragh,wmacgragh78@sbwire.com,Male,124.242.147.241
262,Dov,Coulbeck,dcoulbeck79@chron.com,Male,195.102.255.210
263,Micky,Blakeston,mblakeston7a@lulu.com,Male,185.132.127.63
264,Dominique,Arkill,darkill7b@chicagotribune.com,Female,77.191.4.160
265,Gisella,Degoe,gdegoe7c@ask.com,Female,156.147.167.55
266,Wayland,Fairlie,wfairlie7d@forbes.com,Male,56.146.122.15
267,Dulcie,Verrell,dverrell7e@privacy.gov.au,Female,108.245.103.95
268,Eddie,Simyson,esimyson7f@deviantart.com,Male,235.63.136.182
269,Suzy,Topaz,stopaz7g@altervista.org,Female,195.137.231.62
270,Enrico,Mucklow,emucklow7h@hud.gov,Male,196.111.71.68
271,Viole,Stenners,vstenners7i@youtube.com,Female,46.46.172.34
272,Keslie,Winterborne,kwinterborne7j@uiuc.edu,Female,54.243.44.224
273,Ewen,Glamart,eglamart7k@shop-pro.jp,Male,138.67.219.93
274,Annaliese,Evens,aevens7l@noaa.gov,Female,247.232.51.163
275,Hatti,Sedgefield,hsedgefield7m@nydailynews.com,Female,104.1.75.40
276,Rickie,Abrahamsohn,rabrahamsohn7n@examiner.com,Male,119.129.230.226
277,Lyell,Nisco,lnisco7o@eventbrite.com,Male,94.154.120.192
278,Doy,Lees,dlees7p@tinypic.com,Male,220.192.219.75
279,Tye,Danielsohn,tdanielsohn7q@opera.com,Male,173.251.9.33
280,Sylvia,Netherclift,snetherclift7r@ovh.net,Female,53.137.36.56
281,Bunni,Mallabon,bmallabon7s@google.co.jp,Female,97.194.83.54
282,Carlynn,Cowley,ccowley7t@canalblog.com,Female,65.195.147.74
283,Noland,Maginot,nmaginot7u@cafepress.com,Male,132.34.142.243
284,Willis,Connow,wconnow7v@w3.org,Male,153.105.176.93
285,Ned,Gaule,ngaule7w@jiathis.com,Male,116.60.135.39
286,Jessalin,Hodgin,jhodgin7x@homestead.com,Female,45.100.226.85
287,Barri,Muldownie,bmuldownie7y@forbes.com,Male,76.239.36.13
288,Mendel,Sprulls,msprulls7z@mozilla.com,Male,210.182.56.88
289,Aubert,Blouet,ablouet80@hatena.ne.jp,Male,199.151.130.188
290,Evita,Crandon,ecrandon81@homestead.com,Female,109.210.122.64
291,Clemence,Gooly,cgooly82@umich.edu,Female,184.111.129.176
292,Marianne,Helmke,mhelmke83@jimdo.com,Female,103.125.29.63
293,Jabez,Tighe,jtighe84@mapy.cz,Male,184.52.75.211
294,Aleksandr,Morrison,amorrison85@engadget.com,Male,167.92.241.232
295,Reilly,Beedie,rbeedie86@webnode.com,Male,154.124.141.64
296,Nolana,Rymill,nrymill87@boston.com,Female,33.79.29.36
297,Glyn,Jelf,gjelf88@example.com,Male,160.18.221.205
298,Lethia,Polkinhorn,lpolkinhorn89@fotki.com,Female,68.244.199.139
299,Beltran,Djokic,bdjokic8a@t.co,Male,83.231.1.70
300,Cortney,Danjoie,cdanjoie8b@boston.com,Female,188.92.232.146
301,Agnella,Fretson,afretson8c@reddit.com,Female,126.223.164.23
302,Gilbert,Beloe,gbeloe8d@businessinsider.com,Male,250.240.83.190
303,Son,Clendennen,sclendennen8e@japanpost.jp,Male,16.42.191.175
304,Roi,Rowles,rrowles8f@github.io,Male,34.21.219.74
305,Carla,Colthard,ccolthard8g@sourceforge.net,Female,98.0.34.158
306,Smitty,Hurll,shurll8h@microsoft.com,Male,176.215.53.91
307,Oates,Keyho,okeyho8i@dell.com,Male,116.97.228.51
308,Moina,Laws,mlaws8j@nba.com,Female,34.54.80.252
309,Joshuah,Halle,jhalle8k@nymag.com,Male,219.37.202.136
310,Burty,Yashin,byashin8l@acquirethisname.com,Male,115.227.87.194
311,Justen,Gergher,jgergher8m@google.co.uk,Male,51.89.110.66
312,Cullin,Andreaccio,candreaccio8n@mozilla.com,Male,20.14.119.80
313,Susana,Houchin,shouchin8o@alexa.com,Female,123.99.118.73
314,Nev,Ettridge,nettridge8p@cloudflare.com,Male,137.251.149.159
315,Thea,Giraudo,tgiraudo8q@drupal.org,Female,246.67.163.148
316,Tommi,Leverett,tleverett8r@youtu.be,Female,104.125.5.53
317,Ivar,Puckey,ipuckey8s@apache.org,Male,68.134.211.241
318,Fannie,Pevreal,fpevreal8t@pbs.org,Female,38.44.46.59
319,Malina,Futty,mfutty8u@twitpic.com,Female,244.224.234.185
320,Idalia,Element,ielement8v@cnbc.com,Female,53.152.52.150
321,Birk,Bance,bbance8w@mapquest.com,Male,32.111.36.111
322,Moishe,Bony,mbony8x@hao123.com,Male,169.153.216.30
323,Brittan,Butts,bbutts8y@booking.com,Female,186.239.90.11
324,Dahlia,Dienes,ddienes8z@artisteer.com,Female,204.80.47.198
325,Jaquelin,Wrathmell,jwrathmell90@zimbio.com,Female,193.177.84.246
326,Saundra,McLewd,smclewd91@nsw.gov.au,Female,7.62.70.215
327,Rustin,Leipelt,rleipelt92@sohu.com,Male,201.74.73.61
328,Sharlene,Brunger,sbrunger93@columbia.edu,Female,119.9.125.0
329,Bambi,Thurby,bthurby94@tmall.com,Female,22.202.78.3
330,Rosmunda,Jostan,rjostan95@irs.gov,Female,103.254.32.27
331,Gilberte,Ranfield,granfield96@desdev.cn,Female,26.224.46.202
332,Nat,Soutter,nsoutter97@histats.com,Female,5.240.112.33
333,Truman,Galbreath,tgalbreath98@rakuten.co.jp,Male,145.174.253.216
334,Waldemar,Jammet,wjammet99@seesaa.net,Male,211.207.151.193
335,Bevan,McFadyen,bmcfadyen9a@spiegel.de,Male,149.45.219.196
336,Tally,Le Huquet,tlehuquet9b@icq.com,Female,118.14.98.183
337,Brucie,Tomeo,btomeo9c@marketwatch.com,Male,73.218.142.59
338,Amii,Kilmister,akilmister9d@youku.com,Female,176.140.134.162
339,Wadsworth,Rockliffe,wrockliffe9e@yolasite.com,Male,175.54.199.222
340,Leodora,Esp,lesp9f@4shared.com,Female,227.152.12.119
341,Romain,Goodacre,rgoodacre9g@home.pl,Male,161.40.252.199
342,Craig,Rivelon,crivelon9h@constantcontact.com,Male,254.228.126.216
343,Belia,Meaden,bmeaden9i@hao123.com,Female,230.173.177.164
344,Hort,Rosle,hrosle9j@illinois.edu,Male,193.128.115.180
345,Myrna,Flea,mflea9k@hexun.com,Female,173.151.167.89
346,Wilt,Evershed,wevershed9l@simplemachines.org,Male,163.29.235.180
347,Vince,Farrar,vfarrar9m@cisco.com,Male,99.74.33.185
348,Edsel,Kennler,ekennler9n@bluehost.com,Male,127.165.76.143
349,Consolata,Clardge,cclardge9o@walmart.com,Female,46.204.154.32
350,Reed,McConnell,rmcconnell9p@va.gov,Male,113.76.198.110
351,Ambrosius,Macartney,amacartney9q@hostgator.com,Male,126.12.156.81
352,Bil,Minero,bminero9r@mtv.com,Male,0.174.8.24
353,Nicky,Samways,nsamways9s@amazon.com,Male,62.254.75.207
354,Rae,Tunsley,rtunsley9t@live.com,Female,184.196.135.193
355,Zarah,Tyt,ztyt9u@multiply.com,Female,1.84.37.97
356,Aylmar,Maldin,amaldin9v@dmoz.org,Male,85.133.223.189
357,Sonnie,Killock,skillock9w@instagram.com,Female,175.130.251.163
358,Carleen,Christofe,cchristofe9x@businessweek.com,Female,168.42.129.34
359,Harriett,Bortolussi,hbortolussi9y@cyberchimps.com,Female,94.93.218.200
360,Meredithe,Gianuzzi,mgianuzzi9z@slideshare.net,Female,49.6.126.182
361,Lyon,Pletts,lplettsa0@webmd.com,Male,45.8.188.87
362,Tam,Iaduccelli,tiaduccellia1@blinklist.com,Male,129.122.117.223
363,Otha,Neaverson,oneaversona2@biblegateway.com,Female,233.160.152.165
364,Bessie,Peddie,bpeddiea3@netlog.com,Female,151.216.21.167
365,Annelise,Carletti,acarlettia4@google.nl,Female,183.148.113.160
366,Addi,Pauls,apaulsa5@bloglovin.com,Female,161.231.133.11
367,Maxim,Quinton,mquintona6@typepad.com,Male,99.108.79.88
368,Dyane,Ponceford,dponceforda7@nydailynews.com,Female,172.12.247.61
369,Aldric,Lowman,alowmana8@fc2.com,Male,140.20.72.52
370,Tarrah,Oxe,toxea9@paypal.com,Female,171.47.114.123
371,Lyssa,Tremain,ltremainaa@dion.ne.jp,Female,9.249.123.107
372,Cortney,Lawrie,clawrieab@vistaprint.com,Female,44.163.201.48
373,Afton,Sergeaunt,asergeauntac@aboutads.info,Female,101.90.162.15
374,Bobette,Driffill,bdriffillad@zdnet.com,Female,177.144.88.60
375,Nicol,Carnie,ncarnieae@globo.com,Male,101.178.229.232
376,Nelia,Robecon,nrobeconaf@twitter.com,Female,174.113.75.167
377,Erl,Wooland,ewoolandag@whitehouse.gov,Male,202.79.222.22
378,Brittne,Packman,bpackmanah@ifeng.com,Female,5.99.70.34
379,Friedrich,Ben,fbenai@china.com.cn,Male,172.135.210.235
380,Helena,Scimonelli,hscimonelliaj@fotki.com,Female,132.49.101.182
381,Devland,Ayerst,dayerstak@pbs.org,Male,219.45.248.228
382,Wilfred,Wales,wwalesal@phoca.cz,Male,92.245.178.204
383,Mitch,Stannett,mstannettam@princeton.edu,Male,21.124.100.214
384,Dillon,Saice,dsaicean@hhs.gov,Male,3.220.94.8
385,Sullivan,Entreis,sentreisao@mail.ru,Male,136.193.254.231
386,Smith,Colvin,scolvinap@cornell.edu,Male,231.95.132.27
387,Donica,Corradi,dcorradiaq@instagram.com,Female,58.103.69.179
388,Bearnard,Scrancher,bscrancherar@eepurl.com,Male,17.88.200.166
389,Eliot,Gors,egorsas@nih.gov,Male,3.158.40.216
390,Albina,Aberdeen,aaberdeenat@live.com,Female,200.255.218.230
391,Orrin,Deschlein,odeschleinau@wisc.edu,Male,25.76.68.95
392,Fredia,Valentino,fvalentinoav@unesco.org,Female,73.88.246.125
393,Valli,Ginnelly,vginnellyaw@tmall.com,Female,120.244.14.101
394,Andra,Adolfsen,aadolfsenax@latimes.com,Female,251.110.125.220
395,Aksel,Eakle,aeakleay@sourceforge.net,Male,190.54.48.211
396,Cammi,Cheyne,ccheyneaz@e-recht24.de,Female,255.200.207.62
397,Mellie,Vasser,mvasserb0@about.me,Female,239.43.250.171
398,Lucien,Bagguley,lbagguleyb1@is.gd,Male,53.28.243.94
399,Jerrylee,Pottberry,jpottberryb2@networkadvertising.org,Female,74.241.158.46
400,Athena,McNeilley,amcneilleyb3@diigo.com,Female,202.152.8.98
401,Anatole,Duhig,aduhigb4@de.vu,Male,201.219.63.22
402,Maribel,Costar,mcostarb5@jiathis.com,Female,197.45.219.2
403,Trueman,Sweetman,tsweetmanb6@mozilla.org,Male,210.90.172.207
404,Luca,Wortley,lwortleyb7@csmonitor.com,Male,32.123.215.206
405,Giulia,Smolan,gsmolanb8@uiuc.edu,Female,148.196.123.164
406,Jacob,Ratter,jratterb9@virginia.edu,Male,168.214.100.1
407,Loralee,Long,llongba@comsenz.com,Female,165.127.240.81
408,Flory,Haquard,fhaquardbb@google.com.hk,Female,74.134.170.195
409,Derron,Rouge,drougebc@blogs.com,Male,110.22.168.142
410,Rachael,Yeomans,ryeomansbd@homestead.com,Female,68.146.60.170
411,Leo,Noto,lnotobe@wikispaces.com,Male,35.14.71.92
412,Honoria,Duckering,hduckeringbf@independent.co.uk,Female,144.147.78.189
413,Gabbie,Robarts,grobartsbg@about.com,Female,78.214.211.32
414,Chloris,Aronsohn,caronsohnbh@taobao.com,Female,216.190.253.191
415,Hanan,Stockford,hstockfordbi@nytimes.com,Male,198.179.253.114
416,Jacklyn,Dominique,jdominiquebj@oakley.com,Female,138.2.228.229
417,Rhona,Clayhill,rclayhillbk@howstuffworks.com,Female,17.56.135.33
418,Sharity,Gammade,sgammadebl@blinklist.com,Female,123.137.224.6
419,Tammi,Borrell,tborrellbm@businessinsider.com,Female,10.150.252.167
420,Nerti,Coughlan,ncoughlanbn@accuweather.com,Female,162.104.227.206
421,Calli,Addionizio,caddioniziobo@microsoft.com,Female,175.139.175.149
422,Deni,Jennings,djenningsbp@narod.ru,Female,242.228.132.124
423,Dasya,Fulbrook,dfulbrookbq@scientificamerican.com,Female,89.54.132.223
424,Daffie,Avrasin,davrasinbr@google.co.uk,Female,218.129.127.162
425,Allison,Sissel,asisselbs@yellowpages.com,Female,92.66.115.217
426,Julie,Summerill,jsummerillbt@webeden.co.uk,Female,101.20.252.132
427,Chrystal,Lowdiane,clowdianebu@people.com.cn,Female,90.126.71.36
428,Gerald,Peaker,gpeakerbv@elegantthemes.com,Male,242.45.37.219
429,Sarge,Padfield,spadfieldbw@statcounter.com,Male,138.212.81.247
430,Pansy,Leisman,pleismanbx@wunderground.com,Female,88.246.174.215
431,Kalie,MacTrustam,kmactrustamby@last.fm,Female,174.57.180.158
432,Jarret,Urlin,jurlinbz@google.ru,Male,98.192.204.182
433,Aland,Hedde,aheddec0@example.com,Male,237.242.63.179
434,Dion,Tissell,dtissellc1@hud.gov,Female,158.238.68.226
435,Renaldo,Alejo,ralejoc2@comsenz.com,Male,223.252.66.245
436,Marj,Llewelyn,mllewelync3@tinypic.com,Female,240.98.161.214
437,Emilio,Shillabear,eshillabearc4@drupal.org,Male,229.76.119.221
438,Skipton,Buggy,sbuggyc5@sohu.com,Male,63.62.59.140
439,Abramo,Sinncock,asinncockc6@4shared.com,Male,68.162.252.244
440,Damaris,Mobbs,dmobbsc7@earthlink.net,Female,102.241.209.221
441,Buffy,Bauduccio,bbauduccioc8@godaddy.com,Female,199.194.158.255
442,Jess,Nanninini,jnannininic9@thetimes.co.uk,Female,247.229.67.182
443,Ingmar,Ayrton,iayrtonca@usa.gov,Male,252.164.223.77
444,Thibaud,Piche,tpichecb@wordpress.org,Male,226.221.123.21
445,Tania,Cansdell,tcansdellcc@issuu.com,Female,221.124.87.205
446,Amalea,Munnion,amunnioncd@google.fr,Female,92.210.164.163
447,Clarine,Thundercliffe,cthundercliffece@nba.com,Female,81.178.135.53
448,Florence,Perkin,fperkincf@flickr.com,Female,168.9.209.114
449,Gillie,Speir,gspeircg@flavors.me,Female,122.6.29.105
450,Garold,Stigell,gstigellch@amazon.co.uk,Male,217.126.167.110
451,Lanie,Robeson,lrobesonci@jigsy.com,Female,160.208.251.144
452,Alys,Fronek,afronekcj@goo.gl,Female,116.249.182.197
453,Papageno,Hakonsen,phakonsenck@mit.edu,Male,38.100.4.202
454,Elsey,Afield,eafieldcl@sourceforge.net,Female,14.138.188.113
455,Grant,Josuweit,gjosuweitcm@hostgator.com,Male,43.249.129.70
456,Alwyn,Wiltshear,awiltshearcn@istockphoto.com,Male,35.194.86.9
457,Emile,Piken,epikenco@instagram.com,Male,136.80.93.49
458,Trenna,Byfield,tbyfieldcp@hexun.com,Female,213.137.34.8
459,Tonya,Roussell,troussellcq@va.gov,Female,70.229.124.118
460,Stacee,Busch,sbuschcr@theglobeandmail.com,Male,127.113.249.71
461,Nisse,Unger,nungercs@moonfruit.com,Female,93.160.172.30
462,Eddy,Bowshire,ebowshirect@twitter.com,Male,82.87.54.112
463,Karlik,Sawdon,ksawdoncu@slideshare.net,Male,26.171.237.165
464,Denice,Hanson,dhansoncv@barnesandnoble.com,Female,175.130.77.230
465,Mellisa,Vasyaev,mvasyaevcw@tripadvisor.com,Female,160.119.9.35
466,Maxy,Anfrey,manfreycx@usnews.com,Male,165.88.204.16
467,Jaimie,Moss,jmosscy@cnn.com,Male,33.123.171.13
468,Giffie,Bamber,gbambercz@admin.ch,Male,178.10.25.230
469,Joya,Doblin,jdoblind0@domainmarket.com,Female,86.158.201.9
470,Bogey,McQuillen,bmcquillend1@github.io,Male,104.115.126.3
471,Bradley,Dawidowicz,bdawidowiczd2@guardian.co.uk,Male,90.173.223.134
472,Bryon,Landall,blandalld3@goo.gl,Male,155.75.137.109
473,Zaneta,Valenti,zvalentid4@ezinearticles.com,Female,128.27.213.94
474,Riordan,Klampk,rklampkd5@indiegogo.com,Male,187.247.19.121
475,Rip,Deverale,rdeveraled6@quantcast.com,Male,176.10.6.230
476,Aylmar,Pietruszka,apietruszkad7@bluehost.com,Male,23.94.45.203
477,Wang,Clowney,wclowneyd8@dagondesign.com,Male,205.194.8.184
478,Tedman,Ravel,traveld9@cbsnews.com,Male,208.7.137.204
479,Faythe,Hiscocks,fhiscocksda@oaic.gov.au,Female,130.106.62.6
480,Manda,Sedman,msedmandb@sciencedirect.com,Female,124.213.177.175
481,Ibby,Sleaford,isleaforddc@sfgate.com,Female,27.75.10.98
482,Sasha,Ewers,sewersdd@ebay.com,Female,200.141.171.31
483,Darci,McHaffy,dmchaffyde@usnews.com,Female,75.113.187.49
484,Abba,Livock,alivockdf@nymag.com,Male,233.50.177.64
485,Clio,Dahlgren,cdahlgrendg@bandcamp.com,Female,137.1.14.99
486,Donni,Hanne,dhannedh@oakley.com,Female,154.209.252.126
487,Augy,Starmer,astarmerdi@google.co.jp,Male,26.211.18.125
488,Dietrich,Genike,dgenikedj@weather.com,Male,135.29.231.177
489,Niels,Kean,nkeandk@rakuten.co.jp,Male,31.6.230.72
490,Pavia,Exer,pexerdl@wikia.com,Female,23.150.239.189
491,Barrett,Grivori,bgrivoridm@wisc.edu,Male,113.200.208.90
492,Devi,Divine,ddivinedn@google.it,Female,231.131.64.72
493,Eddi,Caldeiro,ecaldeirodo@sitemeter.com,Female,252.204.135.202
494,Sybille,Lamball,slamballdp@fastcompany.com,Female,230.37.34.81
495,Jemmie,Oneal,jonealdq@pbs.org,Female,15.126.102.148
496,Mahmoud,Di Dello,mdidellodr@gov.uk,Male,183.48.87.121
497,Roxie,Cassel,rcasselds@networkadvertising.org,Female,68.4.35.11
498,Ode,Hollows,ohollowsdt@webnode.com,Male,48.72.152.106
499,Alice,Frayling,afraylingdu@lulu.com,Female,236.104.12.61
500,Levi,Dohmann,ldohmanndv@illinois.edu,Male,63.41.78.231
501,Evangeline,Echalie,eechaliedw@netscape.com,Female,203.28.144.245
502,Nikolaus,Sherer,nshererdx@vistaprint.com,Male,175.95.86.165
503,Salli,Targetter,stargetterdy@google.nl,Female,228.29.113.79
504,Gary,Bellham,gbellhamdz@exblog.jp,Male,171.153.123.159
505,Haroun,Barratt,hbarratte0@theguardian.com,Male,158.180.202.183
506,Deb,Woodward,dwoodwarde1@wix.com,Female,35.238.197.92
507,Rickard,Treasaden,rtreasadene2@answers.com,Male,100.83.44.143
508,Stanfield,Tregidga,stregidgae3@businessweek.com,Male,184.24.196.28
509,Shandra,Burchess,sburchesse4@godaddy.com,Female,73.33.122.133
510,Jolene,Caro,jcaroe5@mysql.com,Female,147.148.117.221
511,Iggy,Shernock,ishernocke6@godaddy.com,Male,56.174.240.109
512,Flory,Longina,flonginae7@telegraph.co.uk,Male,78.56.214.234
513,Martha,Fairholme,mfairholmee8@elegantthemes.com,Female,6.236.135.225
514,Sebastian,Barrick,sbarricke9@devhub.com,Male,98.30.32.103
515,Brenn,Abrahamsohn,babrahamsohnea@tinypic.com,Female,54.121.75.171
516,Papagena,Iacoviello,piacovielloeb@columbia.edu,Female,222.83.143.195
517,Melissa,Shute,mshuteec@eepurl.com,Female,45.32.85.34
518,Vladamir,Oddboy,voddboyed@reuters.com,Male,152.246.77.68
519,Dill,Childes,dchildesee@statcounter.com,Male,119.149.124.130
520,Eldon,Katzmann,ekatzmannef@unc.edu,Male,146.209.194.78
521,Cacilie,Dowdney,cdowdneyeg@geocities.jp,Female,228.21.91.125
522,Paddy,Yankov,pyankoveh@naver.com,Male,111.17.109.149
523,Floyd,Wholesworth,fwholesworthei@odnoklassniki.ru,Male,16.66.56.112
524,Kit,Odcroft,kodcroftej@technorati.com,Male,94.79.200.37
525,Loy,Almak,lalmakek@reverbnation.com,Male,237.12.193.103
526,Sheri,Piggen,spiggenel@macromedia.com,Female,40.96.32.7
527,Wain,Roebottom,wroebottomem@craigslist.org,Male,156.25.93.110
528,Anallise,Littlejohns,alittlejohnsen@free.fr,Female,25.91.202.111
529,Rafferty,Gunnell,rgunnelleo@smh.com.au,Male,215.102.0.68
530,Wilfred,McVie,wmcvieep@deviantart.com,Male,181.194.138.89
531,Wang,Momery,wmomeryeq@1688.com,Male,43.158.124.47
532,Jamaal,Pegden,jpegdener@netvibes.com,Male,186.128.50.247
533,Luci,Repp,lreppes@cnet.com,Female,80.142.6.126
534,Salvidor,Shelmerdine,sshelmerdineet@diigo.com,Male,7.59.10.214
535,Asia,Paulisch,apaulischeu@fotki.com,Female,78.248.37.96
536,Aimil,Yeoland,ayeolandev@t-online.de,Female,233.114.106.0
537,Pablo,Rockall,prockallew@nbcnews.com,Male,8.158.41.236
538,Mireielle,Shoute,mshouteex@theguardian.com,Female,230.215.238.218
539,Duke,Withull,dwithulley@ted.com,Male,107.169.11.88
540,Damon,Hardwell,dhardwellez@va.gov,Male,86.148.74.190
541,Wash,ONions,wonionsf0@mashable.com,Male,205.11.157.191
542,Lavena,Vasilchenko,lvasilchenkof1@php.net,Female,210.30.220.205
543,Fax,Timmens,ftimmensf2@tuttocitta.it,Male,211.176.252.201
544,Kaiser,Broomhall,kbroomhallf3@google.co.uk,Male,218.89.238.136
545,Vivia,Somersett,vsomersettf4@msn.com,Female,84.15.93.75
546,Korey,Pickerin,kpickerinf5@pbs.org,Male,66.29.203.144
547,Marian,Kennon,mkennonf6@about.com,Female,99.141.165.99
548,Yehudit,Drillingcourt,ydrillingcourtf7@shutterfly.com,Male,178.140.0.166
549,Kath,Northgraves,knorthgravesf8@friendfeed.com,Female,202.101.192.159
550,Nichole,Bulfit,nbulfitf9@businessinsider.com,Male,47.199.49.117
551,Alf,Dredge,adredgefa@about.me,Male,211.214.226.187
552,Valeda,Aronoff,varonofffb@51.la,Female,77.191.43.113
553,Shelton,Yakobowitch,syakobowitchfc@wikipedia.org,Male,55.247.173.34
554,Sashenka,Ohrtmann,sohrtmannfd@jugem.jp,Female,214.246.62.242
555,Lorrie,Waterhous,lwaterhousfe@tumblr.com,Female,1.177.53.98
556,Brose,Symones,bsymonesff@livejournal.com,Male,138.57.45.182
557,Charo,Hammell,chammellfg@dell.com,Female,186.78.213.210
558,Bevin,Friel,bfrielfh@usatoday.com,Male,201.74.84.144
559,Iago,Phippen,iphippenfi@merriam-webster.com,Male,174.25.20.171
560,Keir,McArdle,kmcardlefj@comsenz.com,Male,112.69.19.60
561,Mellicent,Menear,mmenearfk@squarespace.com,Female,199.28.73.110
562,Irma,Stanway,istanwayfl@buzzfeed.com,Female,99.42.213.102
563,Guilbert,Josowitz,gjosowitzfm@blogs.com,Male,111.221.11.140
564,Cacilia,Brooksbank,cbrooksbankfn@google.com.au,Female,234.12.129.118
565,Amalie,Burl,aburlfo@xrea.com,Female,18.86.73.89
566,Jacquenetta,Warcop,jwarcopfp@nasa.gov,Female,147.94.207.229
567,Dennison,Savins,dsavinsfq@imageshack.us,Male,108.238.184.63
568,Mackenzie,Simonazzi,msimonazzifr@last.fm,Male,37.219.113.244
569,Paolina,Jeffs,pjeffsfs@sakura.ne.jp,Female,48.101.248.142
570,Megan,Raecroft,mraecroftft@list-manage.com,Female,130.135.86.222
571,Ermin,Gilstoun,egilstounfu@wordpress.com,Male,98.175.17.14
572,Hilde,Brislen,hbrislenfv@toplist.cz,Female,103.49.90.115
573,Allys,Bartolijn,abartolijnfw@sina.com.cn,Female,251.2.70.80
574,Emlynn,Leer,eleerfx@newsvine.com,Female,192.176.250.1
575,Caspar,Medley,cmedleyfy@washingtonpost.com,Male,39.37.196.25
576,Laina,Gyves,lgyvesfz@chicagotribune.com,Female,69.238.22.168
577,Shellysheldon,Dixsee,sdixseeg0@acquirethisname.com,Male,64.210.114.137
578,Barnard,Harrigan,bharrigang1@home.pl,Male,105.57.231.49
579,Cyrill,Ciciotti,cciciottig2@smh.com.au,Male,8.93.181.15
580,Basia,Grishenkov,bgrishenkovg3@gov.uk,Female,79.164.219.137
581,Jan,Denisard,jdenisardg4@amazon.co.jp,Male,225.220.140.182
582,Darb,Tommasuzzi,dtommasuzzig5@prlog.org,Male,237.236.254.68
583,Jacklyn,Vasin,jvasing6@techcrunch.com,Female,182.108.137.188
584,Frans,Grafton,fgraftong7@weibo.com,Male,179.150.45.162
585,Elsbeth,Lefort,elefortg8@forbes.com,Female,132.45.169.193
586,Corinna,Ranvoise,cranvoiseg9@samsung.com,Female,21.31.225.122
587,Svend,Hoy,shoyga@t-online.de,Male,15.229.136.151
588,Danita,Guyonneau,dguyonneaugb@spiegel.de,Female,253.236.208.181
589,Adda,Skelcher,askelchergc@psu.edu,Female,188.123.74.33
590,Vivia,Earsman,vearsmangd@ask.com,Female,136.95.242.185
591,Gris,Molfino,gmolfinoge@exblog.jp,Male,167.150.184.238
592,Anet,Heustace,aheustacegf@redcross.org,Female,146.146.119.200
593,Delaney,Tolomei,dtolomeigg@dedecms.com,Male,48.104.245.192
594,Dominik,Tunny,dtunnygh@craigslist.org,Male,173.158.202.48
595,Lyndell,Spinley,lspinleygi@newsvine.com,Female,105.248.72.81
596,Drucill,Chart,dchartgj@geocities.jp,Female,76.243.152.116
597,Orson,Sallows,osallowsgk@sogou.com,Male,200.155.83.31
598,Willie,Delort,wdelortgl@kickstarter.com,Male,142.90.12.56
599,Palm,Molson,pmolsongm@naver.com,Male,219.44.246.49
600,Sherill,Kuhle,skuhlegn@nhs.uk,Female,49.235.144.115
601,Lezley,Budding,lbuddinggo@reference.com,Male,197.27.39.235
602,Rosalind,Craft,rcraftgp@archive.org,Female,26.245.226.62
603,Alayne,Oleksiak,aoleksiakgq@sogou.com,Female,110.101.82.41
604,Shane,Lowes,slowesgr@example.com,Male,109.107.231.61
605,Terrance,Tester,ttestergs@prlog.org,Male,144.39.163.63
606,Marcel,Bockmaster,mbockmastergt@shutterfly.com,Male,94.249.125.59
607,Abel,Morrison,amorrisongu@technorati.com,Male,177.82.18.39
608,Portie,Margerison,pmargerisongv@ocn.ne.jp,Male,78.34.190.254
609,Wood,Dioniso,wdionisogw@comsenz.com,Male,0.137.32.136
610,Ambrosius,Dosedale,adosedalegx@cdc.gov,Male,224.37.3.7
611,Arline,Maden,amadengy@squidoo.com,Female,54.171.90.75
612,Arturo,Baldrick,abaldrickgz@google.com.hk,Male,19.65.198.198
613,Jerrome,Shemwell,jshemwellh0@cargocollective.com,Male,155.236.203.66
614,Vallie,Orred,vorredh1@ebay.com,Female,51.253.219.11
615,Hugues,Tranfield,htranfieldh2@w3.org,Male,190.247.124.207
616,Jacklin,Janjusevic,jjanjusevich3@diigo.com,Female,117.121.167.76
617,Koo,Thomasen,kthomasenh4@census.gov,Female,91.164.208.45
618,Lance,Hurry,lhurryh5@hexun.com,Male,227.233.218.5
619,Alphonso,Pestridge,apestridgeh6@unicef.org,Male,0.43.183.219
620,Elyssa,Faiers,efaiersh7@yale.edu,Female,128.83.217.221
621,Vikky,Willars,vwillarsh8@twitpic.com,Female,130.114.46.24
622,Dom,Archdeckne,darchdeckneh9@techcrunch.com,Male,251.80.100.97
623,Curtice,Sandeland,csandelandha@apache.org,Male,181.68.40.208
624,Cicely,Bozier,cbozierhb@harvard.edu,Female,60.136.183.117
625,Germaine,Bice,gbicehc@twitpic.com,Male,215.33.45.101
626,Garv,Grigolli,ggrigollihd@java.com,Male,169.12.229.28
627,Rasla,Bernhardi,rbernhardihe@hibu.com,Female,170.208.137.61
628,Jethro,Gilyatt,jgilyatthf@msu.edu,Male,165.221.250.101
629,Paola,Davson,pdavsonhg@craigslist.org,Female,45.40.140.246
630,Bridget,Kielty,bkieltyhh@geocities.com,Female,241.188.12.63
631,Rudie,Benyon,rbenyonhi@cocolog-nifty.com,Male,78.172.4.10
632,Reid,Wincom,rwincomhj@delicious.com,Male,146.87.23.130
633,Owen,Degoey,odegoeyhk@livejournal.com,Male,210.41.46.101
634,Ernestus,Coase,ecoasehl@xrea.com,Male,156.240.12.130
635,Rafaelia,Olifard,rolifardhm@myspace.com,Female,112.150.241.17
636,Carly,Romagnosi,cromagnosihn@wired.com,Female,15.154.113.159
637,Arielle,Nissle,anissleho@psu.edu,Female,144.128.152.16
638,Aurora,de Lloyd,adelloydhp@sina.com.cn,Female,41.168.247.43
639,Sondra,Smickle,ssmicklehq@themeforest.net,Female,34.168.199.93
640,Bernadine,Dodson,bdodsonhr@princeton.edu,Female,40.159.207.132
641,Davidde,Pedlingham,dpedlinghamhs@1688.com,Male,241.28.25.144
642,Bald,Dybald,bdybaldht@homestead.com,Male,165.86.205.125
643,Ethelbert,Betteridge,ebetteridgehu@webmd.com,Male,78.159.109.69
644,Tate,Powrie,tpowriehv@zdnet.com,Male,252.224.250.55
645,Annie,Corsham,acorshamhw@fema.gov,Female,124.188.161.71
646,Nobe,Taylot,ntaylothx@elpais.com,Male,93.45.166.67
647,Hill,Mewis,hmewishy@wikimedia.org,Male,51.244.24.18
648,Marie-jeanne,Hemstead,mhemsteadhz@msn.com,Female,148.19.133.45
649,Jeanna,Paulusch,jpauluschi0@opensource.org,Female,134.192.45.18
650,Birch,Shervington,bshervingtoni1@loc.gov,Male,70.24.37.199
651,Stavro,Bastone,sbastonei2@facebook.com,Male,130.165.227.169
652,Cammie,Chaloner,cchaloneri3@spiegel.de,Female,236.72.96.236
653,Arin,Greder,agrederi4@un.org,Male,156.229.144.3
654,Susanne,Waddington,swaddingtoni5@howstuffworks.com,Female,77.8.38.56
655,Lissy,Mc Carroll,lmccarrolli6@army.mil,Female,116.107.26.13
656,Wilmette,Theml,wthemli7@nationalgeographic.com,Female,153.229.101.19
657,Blane,Moyles,bmoylesi8@bizjournals.com,Male,19.138.41.64
658,Dominick,Elward,delwardi9@1688.com,Male,197.188.121.28
659,Louella,Crookall,lcrookallia@google.es,Female,11.223.7.249
660,Almira,Billin,abillinib@about.com,Female,17.4.84.188
661,Christophorus,Zorzi,czorziic@businessweek.com,Male,134.224.138.204
662,Chrysa,Kincaid,ckincaidid@storify.com,Female,51.177.50.170
663,Kennett,Rycroft,krycroftie@businesswire.com,Male,163.216.231.116
664,Raffaello,Nussey,rnusseyif@slideshare.net,Male,210.22.183.203
665,Kristina,Crips,kcripsig@printfriendly.com,Female,131.254.192.158
666,Griff,Hoyland,ghoylandih@miitbeian.gov.cn,Male,100.110.204.192
667,Elmira,Humphery,ehumpheryii@mayoclinic.com,Female,24.167.101.37
668,Eyde,Latimer,elatimerij@tripod.com,Female,179.86.251.122
669,Granny,McQuirter,gmcquirterik@geocities.jp,Male,24.30.151.199
670,Janos,Laughren,jlaughrenil@jalbum.net,Male,204.135.66.99
671,Ingram,Corp,icorpim@cnbc.com,Male,95.223.240.126
672,Jorie,Rispen,jrispenin@walmart.com,Female,254.84.19.246
673,Lazar,Tour,ltourio@free.fr,Male,131.22.65.38
674,Iosep,Hatje,ihatjeip@stumbleupon.com,Male,19.53.153.71
675,Care,Haythorne,chaythorneiq@flavors.me,Male,20.212.246.216
676,Simeon,Camilli,scamilliir@wp.com,Male,216.173.40.10
677,Adriaens,Atkirk,aatkirkis@un.org,Female,246.209.160.153
678,Malissa,Fitzroy,mfitzroyit@google.nl,Female,66.227.145.188
679,Phineas,Oiller,poilleriu@craigslist.org,Male,241.210.47.3
680,Estrellita,Senior,esenioriv@yahoo.com,Female,194.215.225.112
681,Micky,Tilson,mtilsoniw@smugmug.com,Male,255.13.75.156
682,Jolie,Mash,jmashix@walmart.com,Female,132.47.167.230
683,Ondrea,Foggarty,ofoggartyiy@buzzfeed.com,Female,186.24.227.60
684,Godart,Cornbill,gcornbilliz@constantcontact.com,Male,67.243.196.148
685,Martainn,Clemendot,mclemendotj0@cargocollective.com,Male,89.157.61.61
686,Lillian,Kirsz,lkirszj1@delicious.com,Female,77.221.205.71
687,Rosy,Kelleway,rkellewayj2@europa.eu,Female,46.227.28.166
688,Aimee,Rosi,arosij3@oakley.com,Female,139.219.102.221
689,Chevy,Lindfors,clindforsj4@blog.com,Male,59.74.220.86
690,Dene,Segrave,dsegravej5@bloglines.com,Male,246.134.243.187
691,Jilly,Fitchet,jfitchetj6@irs.gov,Female,92.72.240.70
692,Barby,Rosenboim,brosenboimj7@list-manage.com,Female,82.193.174.164
693,Amerigo,Mitchelmore,amitchelmorej8@mozilla.org,Male,116.137.151.67
694,Lisabeth,Glyne,lglynej9@hubpages.com,Female,248.203.213.72
695,Ileana,Benion,ibenionja@wix.com,Female,218.244.46.65
696,Dal,Golding,dgoldingjb@geocities.jp,Male,134.247.187.77
697,Sarita,Rubbert,srubbertjc@java.com,Female,127.217.116.13
698,Jean,Almey,jalmeyjd@sun.com,Male,209.205.160.251
699,Franky,Marunchak,fmarunchakje@microsoft.com,Female,42.255.99.73
700,Horst,Leipold,hleipoldjf@amazon.com,Male,39.241.213.157
701,Terry,Whytock,twhytockjg@wisc.edu,Male,61.87.9.78
702,Innis,Izhakov,iizhakovjh@soup.io,Male,2.236.166.214
703,Maris,Jindracek,mjindracekji@friendfeed.com,Female,122.112.208.182
704,Annice,McCawley,amccawleyjj@artisteer.com,Female,232.202.255.170
705,Ranice,Messier,rmessierjk@census.gov,Female,121.17.244.255
706,Zeke,Le Fevre,zlefevrejl@dedecms.com,Male,92.233.93.200
707,Nero,Ebbing,nebbingjm@nyu.edu,Male,59.163.170.8
708,Gibby,Rolfe,grolfejn@acquirethisname.com,Male,19.76.204.47
709,Richmound,McGuffog,rmcguffogjo@sourceforge.net,Male,57.136.113.196
710,Quintin,Coverley,qcoverleyjp@bigcartel.com,Male,89.36.7.21
711,Hildy,Lotwich,hlotwichjq@alexa.com,Female,48.84.253.226
712,Loren,Kures,lkuresjr@instagram.com,Female,36.174.202.129
713,Raine,Jaquet,rjaquetjs@w3.org,Female,27.239.108.116
714,Frederico,Mac Giolla Pheadair,fmacgiollapheadairjt@forbes.com,Male,253.42.66.188
715,Aliza,Rackham,arackhamju@mozilla.org,Female,120.38.107.227
716,Chad,Blankett,cblankettjv@statcounter.com,Female,135.22.84.160
717,Mersey,Cocker,mcockerjw@icq.com,Female,250.255.137.227
718,Jo-anne,De la Feld,jdelafeldjx@webs.com,Female,245.109.66.64
719,Gabi,Rumble,grumblejy@intel.com,Female,219.205.17.132
720,Phip,Allsebrook,pallsebrookjz@theglobeandmail.com,Male,219.38.111.173
721,Nikita,Ibel,nibelk0@examiner.com,Male,199.201.132.13
722,Germaine,McNirlin,gmcnirlink1@home.pl,Male,114.88.6.22
723,Maurine,Steanson,msteansonk2@uol.com.br,Female,152.44.63.98
724,Kipper,Cescon,kcesconk3@macromedia.com,Male,206.133.122.132
725,Marita,Borg,mborgk4@engadget.com,Female,156.9.139.66
726,Arlene,Waugh,awaughk5@unblog.fr,Female,36.94.78.227
727,Annis,Maginot,amaginotk6@cyberchimps.com,Female,7.30.11.210
728,Vasilis,Leijs,vleijsk7@google.com,Male,175.107.129.135
729,Brandise,Hadden,bhaddenk8@senate.gov,Female,68.199.191.175
730,Joel,Purselowe,jpurselowek9@smh.com.au,Male,59.206.92.98
731,Redd,Woollacott,rwoollacottka@comsenz.com,Male,55.147.129.117
732,Lance,Sapseed,lsapseedkb@elegantthemes.com,Male,118.83.27.36
733,Patience,Abbati,pabbatikc@bizjournals.com,Female,105.11.252.87
734,Herbie,Mathison,hmathisonkd@g.co,Male,142.12.81.72
735,Cindelyn,Kimmitt,ckimmittke@facebook.com,Female,22.102.246.203
736,Buffy,Pibworth,bpibworthkf@myspace.com,Female,247.124.216.255
737,Kaycee,Milnes,kmilneskg@prlog.org,Female,196.86.9.97
738,Glynn,Pfertner,gpfertnerkh@marketwatch.com,Male,247.13.232.218
739,Aldin,Nugent,anugentki@odnoklassniki.ru,Male,19.235.118.109
740,Nev,Bland,nblandkj@webnode.com,Male,202.245.73.135
741,Torrence,Stormouth,tstormouthkk@reverbnation.com,Male,85.5.1.220
742,Catherin,Chalder,cchalderkl@unesco.org,Female,170.118.81.150
743,Delly,Bingley,dbingleykm@clickbank.net,Female,7.182.133.243
744,Gabbey,Shakespeare,gshakespearekn@cmu.edu,Female,167.183.106.15
745,Sonnie,Wreiford,swreifordko@google.cn,Male,184.156.128.250
746,Karlens,Ferrillio,kferrilliokp@cmu.edu,Male,158.134.122.43
747,Holmes,Thunnercliffe,hthunnercliffekq@yahoo.com,Male,87.164.98.222
748,Daloris,Dixey,ddixeykr@tripod.com,Female,82.46.79.20
749,Benoite,Spickett,bspickettks@reuters.com,Female,84.68.167.125
750,Woodman,Lent,wlentkt@hubpages.com,Male,40.216.59.207
751,Selina,Novis,snovisku@ted.com,Female,83.224.49.9
752,Catherina,Drohan,cdrohankv@timesonline.co.uk,Female,23.20.190.87
753,Monte,Godfray,mgodfraykw@fc2.com,Male,144.50.48.10
754,Ripley,Westwater,rwestwaterkx@google.pl,Male,175.95.247.255
755,Madelyn,Lorman,mlormanky@sakura.ne.jp,Female,36.250.106.32
756,Nettie,Casin,ncasinkz@uiuc.edu,Female,228.6.118.11
757,Ian,Horsley,ihorsleyl0@auda.org.au,Male,214.165.71.246
758,Davie,Stollsteiner,dstollsteinerl1@ehow.com,Male,56.180.186.110
759,Florella,Carlone,fcarlonel2@google.co.uk,Female,120.168.184.90
760,Terrel,Povlsen,tpovlsenl3@cornell.edu,Male,77.252.127.130
761,Maxy,Forestall,mforestalll4@feedburner.com,Female,210.92.97.100
762,Bessie,Dabrowski,bdabrowskil5@dailymail.co.uk,Female,76.71.146.168
763,Bud,Brooking,bbrookingl6@twitter.com,Male,92.119.5.177
764,Irena,Lapthorne,ilapthornel7@topsy.com,Female,168.228.195.218
765,Christean,Walshaw,cwalshawl8@deliciousdays.com,Female,213.121.239.116
766,Sherwynd,Bardell,sbardelll9@guardian.co.uk,Male,225.109.223.117
767,Ashleigh,Deegin,adeeginla@skype.com,Female,234.46.131.195
768,Nydia,Adamolli,nadamollilb@php.net,Female,191.103.171.182
769,Mathias,Reisenstein,mreisensteinlc@hugedomains.com,Male,133.34.177.195
770,Imogen,Lipscombe,ilipscombeld@xinhuanet.com,Female,83.115.246.187
771,Torin,Glacken,tglackenle@nasa.gov,Male,32.253.118.121
772,Alessandro,Bettenay,abettenaylf@alexa.com,Male,115.116.18.30
773,Clifford,Shillinglaw,cshillinglawlg@mysql.com,Male,42.109.24.223
774,Kathye,Petrenko,kpetrenkolh@biglobe.ne.jp,Female,75.238.112.23
775,Terri,Dondon,tdondonli@topsy.com,Male,22.57.190.172
776,Rasla,Ortzen,rortzenlj@blogspot.com,Female,92.33.254.187
777,Janek,Durrand,jdurrandlk@list-manage.com,Male,192.9.111.83
778,Boyce,Morais,bmoraisll@bluehost.com,Male,124.60.18.46
779,Katey,de Najera,kdenajeralm@unc.edu,Female,113.127.16.22
780,Irwinn,Flament,iflamentln@zimbio.com,Male,116.139.139.168
781,Abba,Rash,arashlo@cam.ac.uk,Male,184.112.202.178
782,Hazlett,Dudleston,hdudlestonlp@redcross.org,Male,127.215.123.133
783,Mathias,Collidge,mcollidgelq@twitpic.com,Male,33.211.112.144
784,Burke,Kilshall,bkilshalllr@weibo.com,Male,90.28.202.128
785,Fiona,Allderidge,fallderidgels@bandcamp.com,Female,68.90.25.210
786,Trude,Baggot,tbaggotlt@edublogs.org,Female,9.37.107.50
787,Doro,MacDonough,dmacdonoughlu@jalbum.net,Female,41.32.209.153
788,Layton,Mocquer,lmocquerlv@bigcartel.com,Male,171.213.250.171
789,Alister,Cescoti,acescotilw@dagondesign.com,Male,219.157.194.197
790,Kev,Knoton,kknotonlx@nasa.gov,Male,213.41.231.122
791,Archy,Mordon,amordonly@about.com,Male,63.110.223.201
792,Bonnie,Heaps,bheapslz@walmart.com,Female,253.164.51.63
793,Shelia,Gwinnett,sgwinnettm0@usatoday.com,Female,240.244.158.26
794,Jeremiah,Carlino,jcarlinom1@elegantthemes.com,Male,198.42.154.46
795,Lowell,Fearnyhough,lfearnyhoughm2@ted.com,Male,222.116.128.39
796,Nita,Everly,neverlym3@usda.gov,Female,91.228.89.234
797,Courtnay,Gahagan,cgahaganm4@tiny.cc,Male,157.74.201.29
798,Minnaminnie,Kittredge,mkittredgem5@g.co,Female,164.139.246.247
799,Siana,Haquard,shaquardm6@ezinearticles.com,Female,64.34.249.206
800,Mattias,Bayly,mbaylym7@plala.or.jp,Male,178.18.110.168
801,Ogden,Wohlers,owohlersm8@google.nl,Male,110.196.219.174
802,Jennifer,Enston,jenstonm9@nytimes.com,Female,193.62.65.80
803,Myrta,Banbury,mbanburyma@dropbox.com,Female,180.197.102.44
804,Dominique,Phinnis,dphinnismb@blogspot.com,Female,106.207.55.100
805,Aurlie,Plank,aplankmc@dropbox.com,Female,183.116.97.165
806,Christophe,Hutson,chutsonmd@linkedin.com,Male,74.212.179.171
807,Kaiser,Heavy,kheavyme@rakuten.co.jp,Male,177.110.171.14
808,Marie-jeanne,De Domenici,mdedomenicimf@webnode.com,Female,153.165.161.165
809,Corette,Sprigin,cspriginmg@dropbox.com,Female,50.234.84.122
810,Jerri,Ughetti,jughettimh@sourceforge.net,Male,95.184.175.176
811,Esteban,Chadwyck,echadwyckmi@lycos.com,Male,197.231.242.124
812,Wiley,Cartin,wcartinmj@hc360.com,Male,78.42.136.253
813,Sander,Bonwell,sbonwellmk@over-blog.com,Male,150.238.76.64
814,Gabby,McTrustram,gmctrustramml@sciencedaily.com,Male,162.96.15.88
815,Bradley,Dunne,bdunnemm@theglobeandmail.com,Male,205.138.103.109
816,Sidney,Elijahu,selijahumn@usgs.gov,Male,28.171.24.103
817,Kevon,Gorham,kgorhammo@webmd.com,Male,116.142.38.135
818,Uta,Christin,uchristinmp@nih.gov,Female,126.225.137.8
819,Lissi,Styles,lstylesmq@ftc.gov,Female,199.56.74.181
820,Gillie,Jurgen,gjurgenmr@wikia.com,Female,217.172.3.165
821,Gorden,Moffatt,gmoffattms@ft.com,Male,244.31.31.23
822,Morly,Matushenko,mmatushenkomt@twitter.com,Male,66.224.144.92
823,Waverly,Bolstridge,wbolstridgemu@rediff.com,Male,231.137.255.25
824,Brand,Jedrzejewski,bjedrzejewskimv@jiathis.com,Male,214.105.156.9
825,Melly,Mogra,mmogramw@sogou.com,Female,39.1.31.172
826,Katha,Cardenas,kcardenasmx@blinklist.com,Female,17.94.64.186
827,Pennie,Huston,phustonmy@cafepress.com,Female,165.189.100.5
828,Wynn,Mingo,wmingomz@booking.com,Female,216.29.139.114
829,Mathian,McGurn,mmcgurnn0@irs.gov,Male,110.101.108.189
830,Bruis,Cotsford,bcotsfordn1@cisco.com,Male,243.223.165.106
831,Thedric,Winslow,twinslown2@cyberchimps.com,Male,50.45.210.115
832,Louisette,Booy,lbooyn3@ycombinator.com,Female,216.148.33.164
833,Aveline,Grigorio,agrigorion4@so-net.ne.jp,Female,148.156.61.186
834,Gustave,Hayden,ghaydenn5@squidoo.com,Male,94.54.171.139
835,Alessandra,Huscroft,ahuscroftn6@bigcartel.com,Female,156.8.65.163
836,Rebecca,Zuanelli,rzuanellin7@who.int,Female,229.109.113.166
837,Gwendolin,Lukehurst,glukehurstn8@spiegel.de,Female,225.5.136.228
838,Horatio,Deverille,hdeverillen9@sourceforge.net,Male,218.84.95.80
839,Ham,Dorbon,hdorbonna@netscape.com,Male,138.244.125.131
840,Caritta,Hebblethwaite,chebblethwaitenb@etsy.com,Female,152.154.102.129
841,Mozelle,Ronchetti,mronchettinc@wisc.edu,Female,110.93.119.101
842,Alaster,Bukac,abukacnd@webs.com,Male,174.31.104.172
843,Leo,McLagain,lmclagainne@example.com,Male,26.95.254.176
844,Lyndell,Dewhirst,ldewhirstnf@businessinsider.com,Female,204.152.108.225
845,Whitney,Sanpher,wsanpherng@pagesperso-orange.fr,Male,108.181.164.50
846,Sibyl,Smalls,ssmallsnh@ucsd.edu,Male,27.109.165.122
847,Malia,Graveson,mgravesonni@twitpic.com,Female,73.95.141.112
848,Maisie,Haselden,mhaseldennj@t.co,Female,224.40.123.149
849,Rip,Ebunoluwa,rebunoluwank@addthis.com,Male,98.220.119.98
850,Ali,Normanville,anormanvillenl@themeforest.net,Male,201.250.22.145
851,Frannie,Gargett,fgargettnm@bizjournals.com,Male,114.3.194.67
852,Eldridge,Roser,erosernn@barnesandnoble.com,Male,215.148.192.177
853,Meade,Van Leijs,mvanleijsno@reddit.com,Female,71.159.80.55
854,Danny,Gascoine,dgascoinenp@salon.com,Female,16.147.125.124
855,Sonia,Molines,smolinesnq@com.com,Female,87.49.89.185
856,Quintus,Matchett,qmatchettnr@uiuc.edu,Male,244.60.12.31
857,Hortensia,Mattin,hmattinns@cpanel.net,Female,227.178.34.134
858,Artemis,Pullman,apullmannt@msu.edu,Male,164.70.85.191
859,Netta,Libby,nlibbynu@yale.edu,Female,118.102.212.69
860,Baryram,Naris,bnarisnv@cyberchimps.com,Male,213.162.85.191
861,Leslie,Mauger,lmaugernw@go.com,Female,36.248.94.9
862,Franzen,Arstingall,farstingallnx@wsj.com,Male,40.218.90.7
863,Spence,Scoggans,sscoggansny@marriott.com,Male,63.20.144.193
864,Kalila,Colly,kcollynz@nydailynews.com,Female,234.86.235.88
865,Garvy,Eggins,gegginso0@slashdot.org,Male,2.157.23.215
866,Bette-ann,Willan,bwillano1@drupal.org,Female,18.15.72.136
867,Fiorenze,Herculeson,fherculesono2@360.cn,Female,110.183.177.219
868,Carmella,Cotillard,ccotillardo3@google.nl,Female,178.249.11.68
869,Filmer,Kinkaid,fkinkaido4@arstechnica.com,Male,16.76.121.142
870,Gherardo,Coltart,gcoltarto5@wikia.com,Male,23.207.186.233
871,Conant,Spragg,cspraggo6@imageshack.us,Male,124.205.75.64
872,Calv,Bohlje,cbohljeo7@dailymotion.com,Male,97.51.172.50
873,Jojo,Baudou,jbaudouo8@livejournal.com,Female,253.144.45.245
874,Scotti,Gasticke,sgastickeo9@pinterest.com,Male,0.22.146.48
875,Baldwin,Orro,borrooa@jalbum.net,Male,171.42.183.150
876,Randolf,Dudill,rdudillob@wunderground.com,Male,173.72.111.116
877,Tymothy,Giraldez,tgiraldezoc@google.it,Male,98.248.181.88
878,Matthiew,Calcott,mcalcottod@salon.com,Male,208.123.11.184
879,Tamarah,Sousa,tsousaoe@dailymail.co.uk,Female,78.46.18.46
880,Kylila,Dumphy,kdumphyof@tinypic.com,Female,222.197.130.139
881,Tobit,Radeliffe,tradeliffeog@csmonitor.com,Male,172.74.23.126
882,Gerrie,McCay,gmccayoh@live.com,Male,55.212.235.225
883,Raoul,Ever,reveroi@dmoz.org,Male,100.182.239.232
884,Emmalynn,Bunn,ebunnoj@latimes.com,Female,161.189.254.204
885,Kessiah,Rawsthorne,krawsthorneok@wufoo.com,Female,162.33.166.132
886,Terry,Easum,teasumol@hibu.com,Female,188.200.109.144
887,Kent,Goodlett,kgoodlettom@dagondesign.com,Male,202.117.82.87
888,Zsa zsa,Abisetti,zabisettion@jigsy.com,Female,79.159.46.203
889,Janet,Iacomettii,jiacomettiioo@howstuffworks.com,Female,111.233.19.189
890,Claudell,Allgood,callgoodop@pbs.org,Male,126.165.145.169
891,Burr,Reidshaw,breidshawoq@ca.gov,Male,22.135.32.191
892,Paulie,Widmoor,pwidmooror@odnoklassniki.ru,Female,234.37.46.110
893,Sigismund,Dorwood,sdorwoodos@delicious.com,Male,49.101.231.38
894,Kimberley,Wessing,kwessingot@furl.net,Female,143.187.180.180
895,Darda,Talton,dtaltonou@parallels.com,Female,215.55.222.156
896,Colas,Gutch,cgutchov@imdb.com,Male,73.101.35.22
897,Collie,Gheorghe,cgheorgheow@earthlink.net,Female,166.27.129.179
898,Rafaelita,Ashworth,rashworthox@pinterest.com,Female,122.179.10.133
899,Garey,Braferton,gbrafertonoy@nps.gov,Male,163.120.101.169
900,Iolande,Stamp,istampoz@zimbio.com,Female,131.64.104.87
901,Sibyl,Symons,ssymonsp0@senate.gov,Female,196.34.178.100
902,Ulrike,Earles,uearlesp1@census.gov,Female,115.149.65.175
903,Audra,Kirkland,akirklandp2@forbes.com,Female,164.131.45.79
904,Cleveland,Stedall,cstedallp3@dailymotion.com,Male,201.202.95.145
905,Harrie,Gai,hgaip4@yale.edu,Female,150.126.96.51
906,Marijn,Ruddick,mruddickp5@etsy.com,Male,94.88.145.116
907,Wileen,Prebble,wprebblep6@tmall.com,Female,134.19.198.201
908,Dion,Height,dheightp7@lycos.com,Male,87.67.180.225
909,Dionisio,Darmody,ddarmodyp8@yellowpages.com,Male,72.184.112.19
910,Yettie,Spore,ysporep9@hao123.com,Female,22.21.191.252
911,Manya,Hawes,mhawespa@ucoz.com,Female,60.78.148.65
912,Beauregard,Kenwrick,bkenwrickpb@examiner.com,Male,153.126.200.18
913,Griffy,Braxton,gbraxtonpc@artisteer.com,Male,7.99.87.2
914,Orton,Cradock,ocradockpd@imdb.com,Male,196.14.219.9
915,Benedicto,Staning,bstaningpe@usgs.gov,Male,26.192.41.154
916,Vinny,Du Pre,vduprepf@shinystat.com,Male,240.168.214.215
917,Pauly,McNiff,pmcniffpg@vk.com,Male,73.97.17.205
918,Cilka,Marre,cmarreph@technorati.com,Female,13.84.152.145
919,Adlai,McWhan,amcwhanpi@weather.com,Male,217.33.203.145
920,Lilias,Curtoys,lcurtoyspj@altervista.org,Female,3.233.80.86
921,Timothea,Eringey,teringeypk@icio.us,Female,100.62.204.243
922,Georgiana,Forgan,gforganpl@wp.com,Female,196.111.187.106
923,Sabra,Aitchinson,saitchinsonpm@cbsnews.com,Female,153.14.242.32
924,Butch,Rey,breypn@hubpages.com,Male,220.115.187.131
925,Madelaine,Girkins,mgirkinspo@shinystat.com,Female,152.20.72.66
926,Padraig,Scarbarrow,pscarbarrowpp@about.me,Male,149.210.146.139
927,Talbot,McKimmie,tmckimmiepq@posterous.com,Male,57.142.214.24
928,Arnuad,Mallinson,amallinsonpr@chicagotribune.com,Male,244.233.6.179
929,Windy,Tremblet,wtrembletps@japanpost.jp,Female,85.26.195.153
930,Duane,Pachta,dpachtapt@about.me,Male,136.157.80.86
931,Paxon,Littlechild,plittlechildpu@phpbb.com,Male,134.16.78.183
932,Felipa,McGuggy,fmcguggypv@mac.com,Female,93.52.92.94
933,Boone,Poulden,bpouldenpw@techcrunch.com,Male,52.96.6.107
934,Lonnard,Filliskirk,lfilliskirkpx@newyorker.com,Male,172.217.247.139
935,Sigismundo,Luther,slutherpy@answers.com,Male,220.7.138.203
936,Rance,Eschelle,reschellepz@umn.edu,Male,131.26.244.168
937,Aron,Varker,avarkerq0@mashable.com,Male,103.221.93.127
938,Tiffany,Scroggie,tscroggieq1@hud.gov,Female,75.36.225.94
939,Deny,Bridger,dbridgerq2@patch.com,Female,192.237.115.71
940,Rosalinde,Dilke,rdilkeq3@hud.gov,Female,150.177.149.76
941,Janeta,Sproson,jsprosonq4@wired.com,Female,26.151.126.90
942,Flossi,Keyser,fkeyserq5@bigcartel.com,Female,54.231.52.222
943,Torre,Atmore,tatmoreq6@godaddy.com,Male,155.112.213.114
944,Eleanor,Emnoney,eemnoneyq7@sohu.com,Female,53.173.171.203
945,Kendre,Slack,kslackq8@yolasite.com,Female,255.129.21.39
946,Fonzie,Cumine,fcumineq9@artisteer.com,Male,228.188.254.189
947,Timi,Wodeland,twodelandqa@fema.gov,Female,11.114.53.132
948,Joela,Brokenshaw,jbrokenshawqb@multiply.com,Female,178.57.191.50
949,Dorine,McGhie,dmcghieqc@nsw.gov.au,Female,170.10.107.78
950,Zak,Shorto,zshortoqd@baidu.com,Male,231.216.131.67
951,Shane,Vanyukhin,svanyukhinqe@people.com.cn,Female,227.153.252.4
952,Wheeler,Teers,wteersqf@shareasale.com,Male,252.64.118.247
953,Terri,Ambrosini,tambrosiniqg@alexa.com,Male,222.180.155.70
954,Cecelia,Etteridge,cetteridgeqh@cbsnews.com,Female,182.255.200.155
955,Grete,Hazeldene,ghazeldeneqi@over-blog.com,Female,219.108.105.39
956,North,Ellwood,nellwoodqj@skype.com,Male,14.16.210.198
957,Audrey,Beckson,abecksonqk@netscape.com,Female,80.95.70.201
958,Montgomery,Opdenorth,mopdenorthql@rambler.ru,Male,205.28.11.41
959,Clayton,Sporgeon,csporgeonqm@comcast.net,Male,74.224.99.227
960,Towney,Yakobowitch,tyakobowitchqn@purevolume.com,Male,79.230.231.18
961,Fidole,Pund,fpundqo@epa.gov,Male,177.184.193.112
962,Rosa,Doumerc,rdoumercqp@wufoo.com,Female,104.254.198.38
963,Angelia,Gatman,agatmanqq@tripod.com,Female,91.96.191.60
964,Tony,Hartshorne,thartshorneqr@google.es,Female,180.45.239.69
965,Arlena,Sancho,asanchoqs@symantec.com,Female,108.0.130.189
966,Horace,Errichi,herrichiqt@addtoany.com,Male,129.69.205.122
967,Winfred,Bentham,wbenthamqu@marriott.com,Male,190.10.55.5
968,Washington,McCaster,wmccasterqv@army.mil,Male,169.52.237.234
969,Nigel,Vater,nvaterqw@bandcamp.com,Male,132.64.106.84
970,Delora,Shevlin,dshevlinqx@google.fr,Female,131.132.184.130
971,Goraud,McClintock,gmcclintockqy@networkadvertising.org,Male,202.202.80.244
972,Kippar,Jeste,kjesteqz@google.co.jp,Male,244.108.214.157
973,Morton,Gerssam,mgerssamr0@virginia.edu,Male,202.226.43.201
974,Rob,Ilden,rildenr1@hexun.com,Male,173.149.168.194
975,Nanine,Riveles,nrivelesr2@dion.ne.jp,Female,217.45.31.102
976,Adlai,Sherbourne,asherbourner3@opensource.org,Male,176.77.70.97
977,Iosep,Tranfield,itranfieldr4@wired.com,Male,102.169.252.88
978,Nadean,Heather,nheatherr5@tumblr.com,Female,3.146.78.24
979,Lynda,Aiston,laistonr6@lulu.com,Female,5.86.163.7
980,Olivier,Arman,oarmanr7@uiuc.edu,Male,9.63.15.239
981,Zerk,Salamon,zsalamonr8@pen.io,Male,223.38.254.165
982,Christiano,Bennell,cbennellr9@prnewswire.com,Male,109.73.11.228
983,Rees,Santen,rsantenra@reference.com,Male,30.33.246.33
984,Aliza,Rustidge,arustidgerb@bravesites.com,Female,85.35.84.140
985,Antonino,Dudlestone,adudlestonerc@webs.com,Male,3.191.93.124
986,Dur,Naisby,dnaisbyrd@bloglovin.com,Male,28.63.171.73
987,Heloise,Bletcher,hbletcherre@networkadvertising.org,Female,133.255.24.203
988,Cosette,Akhurst,cakhurstrf@redcross.org,Female,131.161.175.73
989,Torie,Woolrich,twoolrichrg@hubpages.com,Female,252.102.100.47
990,Kaiser,Wybron,kwybronrh@pinterest.com,Male,144.233.26.113
991,Damon,Cummine,dcummineri@theguardian.com,Male,203.53.204.11
992,Dru,Casado,dcasadorj@linkedin.com,Male,87.121.31.139
993,Mommy,Seacombe,mseacomberk@xinhuanet.com,Female,35.95.218.138
994,Eustacia,Reinbech,ereinbechrl@redcross.org,Female,66.237.12.90
995,Itch,Gascone,igasconerm@samsung.com,Male,173.190.158.190
996,Gare,Harston,gharstonrn@slideshare.net,Male,233.41.119.204
997,Kylie,Leverette,kleverettero@japanpost.jp,Male,137.174.93.41
998,Keenan,Hodgon,khodgonrp@tiny.cc,Male,112.39.86.92
999,Marcello,Kisbee,mkisbeerq@sogou.com,Male,176.118.203.205
1000,Margery,Hawyes,mhawyesrr@tinypic.com,Female,134.254.109.130
